,nconst,name,image,url
0,nm0000122,Charles_Chaplin,1.jpg,https://images-na.ssl-images-amazon.com/images/M/MV5BYzk1MDkxMWUtMTFmYS00YzA0LWE1YjctZjAxNjUwZTJkNTZkXkEyXkFqcGdeQXVyMDUyOTUyNQ@@._V1_.jpg
1,nm0000406,John_Ford,1.jpg,https://images-na.ssl-images-amazon.com/images/M/MV5BOTE4ODg0OTI1NF5BMl5BanBnXkFtZTcwOTE3NDkwNA@@._V1_SY1000_CR0
2,nm0000428,D.W._Griffith,1.jpg,https://images-na.ssl-images-amazon.com/images/M/MV5BNzFlZDg4NjAtNjllMC00NDliLWJkOGMtY2ExZmJhZjk0YmFkXkEyXkFqcGdeQXVyMDI2NDg0NQ@@._V1_SY1000_CR0
3,nm0000847,Theda_Bara,1.jpg,https://images-na.ssl-images-amazon.com/images/M/MV5BZTAwZjRjODEtOTU3MC00MTk4LTlhZjctZmY5ZjlkNDE4OGZiXkEyXkFqcGdeQXVyMDI2NDg0NQ@@._V1_SY1000_CR0
4,nm0000858,John_Barrymore,1.jpg,https://images-na.ssl-images-amazon.com/images/M/MV5BYWY2N2IwOTMtNWNhOS00NzJjLTk5M2ItYzZiZjc0NGM2MDlmXkEyXkFqcGdeQXVyMDMxMjQwMw@@._V1_.jpg
5,nm0000859,Lionel_Barrymore,1.jpg,https://images-na.ssl-images-amazon.com/images/M/MV5BMjA0ZWQyMTItNTJkOS00MTBlLWJjNWItMmJhNWQ2OTdmODJiXkEyXkFqcGdeQXVyMjUxODE0MDY@._V1_SY1000_CR0
6,nm0000891,Wallace_Beery,1.jpg,https://images-na.ssl-images-amazon.com/images/M/MV5BYjYyYjM1NTMtMWIwMi00NmMyLWI5OTAtMWNiNjQzNzdhZjljL2ltYWdlL2ltYWdlXkEyXkFqcGdeQXVyMjUxODE0MDY@._V1_.jpg
7,nm0001316,Oliver_Hardy,1.jpg,https://images-na.ssl-images-amazon.com/images/M/MV5BNTg4NDY1YWYtOGEyMC00M2FhLTljMjUtNTBmN2YxMTJiOTFkXkEyXkFqcGdeQXVyMDI2NDg0NQ@@._V1_SY1000_CR0
8,nm0001366,Leslie_Howard,1.jpg,https://images-na.ssl-images-amazon.com/images/M/MV5BMTU3NDQ5ODA4M15BMl5BanBnXkFtZTgwMTY1Nzk5MTE@._V1_SY1000_CR0
9,nm0002001,Maurice_Chevalier,1.jpg,https://images-na.ssl-images-amazon.com/images/M/MV5BY2MzYmM1ZTYtNTdmNy00ZGIzLWE3YzItNmExMDRlZDlkZWE2XkEyXkFqcGdeQXVyMTcyODY2NDQ@._V1_.jpg
10,nm0002031,Michael_Curtiz,1.jpg,https://images-na.ssl-images-amazon.com/images/M/MV5BNWUzNWVlOWYtNWFkMS00YzNlLThkZWUtMzA3OWZkZDRjNmYxXkEyXkFqcGdeQXVyNTk5NzQ5Ng@@._V1_.jpg
11,nm0002034,Jane_Darwell,1.jpg,https://images-na.ssl-images-amazon.com/images/M/MV5BY2Y1ZjA5NTYtYzQ5ZS00ZmE0LTg1ZDQtODZkYzkwMmQ1MWRhXkEyXkFqcGdeQXVyNjUwNzk3NDc@._V1_SX1347_CR0
12,nm0002118,Alan_Hale,1.jpg,https://images-na.ssl-images-amazon.com/images/M/MV5BMjM5MzM4MjA3Nl5BMl5BanBnXkFtZTgwOTA2NTQzMjE@._V1_.jpg
13,nm0002154,Alfred_Abel,1.jpg,https://images-na.ssl-images-amazon.com/images/M/MV5BMTQ5NDY3OTYxMF5BMl5BanBnXkFtZTgwNDU1MTEwMzE@._V1_.jpg
14,nm0002161,Hans_Albers,1.jpg,https://images-na.ssl-images-amazon.com/images/M/MV5BY2U4Yjk5ZTYtYjBmNC00Y2YwLThjYTktOTExYTI0YTcxYjMzXkEyXkFqcGdeQXVyNTk5NzQ5Ng@@._V1_SY1000_CR0
15,nm0002233,Erich_von_Stroheim,1.jpg,https://images-na.ssl-images-amazon.com/images/M/MV5BMTU5NzYzNTMzN15BMl5BanBnXkFtZTgwNDM1NDU5MTE@._V1_SY1000_CR0
16,nm0002311,Montagu_Love,1.jpg,https://images-na.ssl-images-amazon.com/images/M/MV5BNjhmMTEyMjAtZDM1MS00Y2Y1LWExNGMtYTMyZWQ5YWY0Y2NmXkEyXkFqcGdeQXVyMDMxMjQwMw@@._V1_.jpg
17,nm0002935,Moe_Howard,1.jpg,https://images-na.ssl-images-amazon.com/images/M/MV5BNzEzNjhjYzMtNDI5NC00ODVkLWFhYjQtMWUzYjcwNmNmZDI0XkEyXkFqcGdeQXVyMDMxMjQwMw@@._V1_SY1000_CR0
18,nm0003124,Pedro_de_Cordoba,1.jpg,https://images-na.ssl-images-amazon.com/images/M/MV5BZGUzZWFhZDEtYmMzOC00ZjlhLWI3YzEtODFlYWNiNTRlZDAyXkEyXkFqcGdeQXVyMDMxMjQwMw@@._V1_.jpg
19,nm0003425,Asta_Nielsen,1.jpg,https://images-na.ssl-images-amazon.com/images/M/MV5BOTQzNmMzMjItMjhjMy00ZDJlLWE0ZTktYjhiZjc0ZTJmMWI0L2ltYWdlXkEyXkFqcGdeQXVyMjU4NzU2OTA@._V1_.jpg
20,nm0045800,Lloyd_Bacon,1.jpg,https://images-na.ssl-images-amazon.com/images/M/MV5BMzU1NzMwMmEtNWE5ZC00Yzg5LWJiOTgtYzNmYzQ2NTgzMDY4XkEyXkFqcGdeQXVyMjUxODE0MDY@._V1_.jpg
21,nm0054036,Don_Barclay,1.jpg,https://images-na.ssl-images-amazon.com/images/M/MV5BZmY1NDRkYmUtMmJhOS00MzUzLWFjZmUtMzk2YjA1OWNhMDg1XkEyXkFqcGdeQXVyMTE2NzA0Ng@@._V1_.jpg
22,nm0069373,Lionel_Belmore,1.jpg,https://images-na.ssl-images-amazon.com/images/M/MV5BYTIyODY3M2ItZGRmNS00MjdkLWEwMmQtNTRkNzc4ZDllNDhmXkEyXkFqcGdeQXVyMDI2NDg0NQ@@._V1_SY1000_CR0
23,nm0071992,Richard_Bennett,1.jpg,https://images-na.ssl-images-amazon.com/images/M/MV5BMzEyODJkZDctOGMxZi00NjVkLWEzYzAtZDhiNzYwN2JiNWRhXkEyXkFqcGdeQXVyMTcyODY2NDQ@._V1_.jpg
24,nm0076800,Sarah_Bernhardt,1.jpg,https://images-na.ssl-images-amazon.com/images/M/MV5BZjUxYmM3MzYtNmRkMi00NzIxLTgxMzAtMzQ4NDI0ODZlYTI4XkEyXkFqcGdeQXVyMDUyOTUyNQ@@._V1_.jpg
25,nm0078116,Francesca_Bertini,1.jpg,https://images-na.ssl-images-amazon.com/images/M/MV5BNGMzMDk2MzgtZWMwZC00MTMxLWI4ZjYtMjZkM2E0MzdkNmVlL2ltYWdlXkEyXkFqcGdeQXVyNTUyMTMyMDg@._V1_.jpg
26,nm0087404,Clara_Blandick,1.jpg,https://images-na.ssl-images-amazon.com/images/M/MV5BNTExMDY4MTA4NF5BMl5BanBnXkFtZTcwNDI5NTkxNA@@._V1_SY1000_CR0
27,nm0092290,Curt_Bois,1.jpg,https://images-na.ssl-images-amazon.com/images/M/MV5BNDg5MGEyZTgtZmIyMi00NzgwLTg5YjAtNjM3MjVjMzYxMjg2XkEyXkFqcGdeQXVyMDI2NDg0NQ@@._V1_SY1000_CR0
28,nm0097648,Frank_Borzage,1.jpg,https://images-na.ssl-images-amazon.com/images/M/MV5BNDY1MjNiOTktYWYyYS00ZjE1LWE4MjAtY2U4Njc0N2ViYmY4XkEyXkFqcGdeQXVyNTUyMTMyMDg@._V1_.jpg
29,nm0098376,Hobart_Bosworth,1.jpg,https://images-na.ssl-images-amazon.com/images/M/MV5BMGFjZWFhMDYtOTI4My00YmNmLWE3OGYtYTNkMDM0MzQzOGIwXkEyXkFqcGdeQXVyMjUxODE0MDY@._V1_.jpg
30,nm0103567,Alice_Brady,1.jpg,https://images-na.ssl-images-amazon.com/images/M/MV5BOGU1N2I5ZTktYzYwMC00ODgyLWI2ODItYTE5MjI3ZmFkNjAzXkEyXkFqcGdeQXVyMjUxODE0MDY@._V1_.jpg
31,nm0106785,Edmund_Breese,1.jpg,https://images-na.ssl-images-amazon.com/images/M/MV5BY2QyNzNiY2YtOGI0Ny00NjcwLTkwY2YtYTg0M2Q4YjE1NTA0XkEyXkFqcGdeQXVyMTcyODY2NDQ@._V1_.jpg
32,nm0107574,Evelyn_Brent,1.jpg,https://images-na.ssl-images-amazon.com/images/M/MV5BNzI5YTA0MmQtOTgyOS00ZGM4LThkMTEtOTgzNTgxMDg4MDY5L2ltYWdlL2ltYWdlXkEyXkFqcGdeQXVyMDMxMjQwMw@@._V1_.jpg
33,nm0115218,Tod_Browning,1.jpg,https://images-na.ssl-images-amazon.com/images/M/MV5BMTczNTA4ODQxN15BMl5BanBnXkFtZTcwNDc1MzQyNw@@._V1_SY1000_CR0
34,nm0124279,Francis_X._Bushman,1.jpg,https://images-na.ssl-images-amazon.com/images/M/MV5BMjFlODgxOWUtY2NmYS00ZjRhLTg5NmQtMzg3MmFhYWI4YzQ3XkEyXkFqcGdeQXVyMzI5NDcxNzI@._V1_.jpg
35,nm0151606,Lon_Chaney,1.jpg,https://images-na.ssl-images-amazon.com/images/M/MV5BMTk5NjUwMWEtNzMzYS00ZDliLTliZTEtYzk0N2UyZWZhMzA1XkEyXkFqcGdeQXVyMTE2NzA0Ng@@._V1_.jpg
36,nm0153713,Charley_Chase,1.jpg,https://images-na.ssl-images-amazon.com/images/M/MV5BZDZlZmQ5OGUtNjE0Zi00NmZiLWFiOWItYjJlNjFhMzA4Nzg3XkEyXkFqcGdeQXVyMDI2NDg0NQ@@._V1_SX1329_CR0
37,nm0165744,Marguerite_Clayton,1.jpg,https://images-na.ssl-images-amazon.com/images/M/MV5BZDEwNzBiMWEtZjE5NC00MTNiLWIyOTAtYmM4NGJjZGViZWUzXkEyXkFqcGdeQXVyMzI5NDcxNzI@._V1_.jpg
38,nm0167760,Edmund_Cobb,1.jpg,https://images-na.ssl-images-amazon.com/images/M/MV5BYzkyMmEyN2EtYjEwOC00YTJhLWE0MjEtMTdhYTMzNDhhN2YzL2ltYWdlXkEyXkFqcGdeQXVyOTA4NDY2Mw@@._V1_SY999_CR0
39,nm0168595,Lew_Cody,1.jpg,https://images-na.ssl-images-amazon.com/images/M/MV5BMTQ2MDExNTEwOF5BMl5BanBnXkFtZTcwNjI4OTY1NQ@@._V1_.jpg
40,nm0173993,Betty_Compson,1.jpg,https://images-na.ssl-images-amazon.com/images/M/MV5BMzY5YzE3M2QtNGYyYi00OGMwLWI5YTEtNTg2YzI5NjYzMGQxXkEyXkFqcGdeQXVyMDMxMjQwMw@@._V1_SY1000_CR0
41,nm0174682,Chester_Conklin,1.jpg,https://images-na.ssl-images-amazon.com/images/M/MV5BMTkwMzQ2NTk5NV5BMl5BanBnXkFtZTgwMzczNjMwNDE@._V1_.jpg
42,nm0175369,Walter_Connolly,1.jpg,https://images-na.ssl-images-amazon.com/images/M/MV5BOWViMzAxNmQtMDE0MC00MmZiLWE4NzEtNjc1NzdjZDJjNDU4XkEyXkFqcGdeQXVyMDI2NDg0NQ@@._V1_SY1000_CR0
43,nm0176699,Jack_Conway,1.jpg,https://images-na.ssl-images-amazon.com/images/M/MV5BZjVjYjZjNTAtOWNmMy00MjUzLTkzMGYtNDRiYjAxMjJhNzJiXkEyXkFqcGdeQXVyMDUyOTUyNQ@@._V1_.jpg
44,nm0178270,Miriam_Cooper,1.jpg,https://images-na.ssl-images-amazon.com/images/M/MV5BYzk0ODhiZDctZDU5YS00OTEyLWJjZDAtNDVjNzZmYmJiMjY3XkEyXkFqcGdeQXVyMjUxODE0MDY@._V1_.jpg
45,nm0182537,Dolores_Costello,1.jpg,https://images-na.ssl-images-amazon.com/images/M/MV5BNjAwZGZlYmQtZTU4My00MjZmLTkyY2QtYTU0NmQyZDg4ZWE4XkEyXkFqcGdeQXVyMjUxODE0MDY@._V1_.jpg
46,nm0187981,Donald_Crisp,1.jpg,https://images-na.ssl-images-amazon.com/images/M/MV5BYTliYzNkZTQtNDc1Ny00ZTc5LTgyYmItNWQyMzQ5NmY1Y2QyXkEyXkFqcGdeQXVyNzA4ODc3ODU@._V1_.jpg
47,nm0190516,James_Cruze,1.jpg,https://images-na.ssl-images-amazon.com/images/M/MV5BOGM3YjEzNjktYmU4YS00YzcwLTk1ZmYtZjE3NWRmMGZjMDUwXkEyXkFqcGdeQXVyMDUyOTUyNQ@@._V1_.jpg
48,nm0199087,Viola_Dana,1.jpg,https://images-na.ssl-images-amazon.com/images/M/MV5BMGQwZjMxMDUtYzZhYS00YmQ5LWIzNWMtMmY1YzM1MzM1YjY5L2ltYWdlXkEyXkFqcGdeQXVyMjUxODE0MDY@._V1_SY1000_CR0
49,nm0199841,Bebe_Daniels,1.jpg,https://images-na.ssl-images-amazon.com/images/M/MV5BNjM2MjU2OGQtYTIzMS00NzJiLWIyNzQtZTE3ZDQ3ZDA3ZjVlXkEyXkFqcGdeQXVyMTcyODY2NDQ@._V1_.jpg
50,nm0207637,Nigel_De_Brulier,1.jpg,https://images-na.ssl-images-amazon.com/images/M/MV5BODMyN2I0ZWMtYzJkZC00MWE5LWE1NTItY2QwNzFiMDM4MTNmL2ltYWdlL2ltYWdlXkEyXkFqcGdeQXVyMTE2NzA0Ng@@._V1_.jpg
51,nm0237597,Marie_Dressler,1.jpg,https://images-na.ssl-images-amazon.com/images/M/MV5BMDljMTUwNzctMDY1Yi00MWI1LWExYWQtYWQ1MTViYWYyNDFlXkEyXkFqcGdeQXVyMTcyODY2NDQ@._V1_.jpg
52,nm0249379,Thomas_A._Edison,1.jpg,https://images-na.ssl-images-amazon.com/images/M/MV5BMTUyNzM2OTYxOV5BMl5BanBnXkFtZTgwMjU3MjU0MjE@._V1_.jpg
53,nm0267638,Dot_Farley,1.jpg,https://images-na.ssl-images-amazon.com/images/M/MV5BODc3ZTMxNjItNzZkNC00NGJiLWIwMTctZGU5ZWU0MWI3M2RkXkEyXkFqcGdeQXVyMDUyOTUyNQ@@._V1_.jpg
54,nm0267916,Franklyn_Farnum,1.jpg,https://images-na.ssl-images-amazon.com/images/M/MV5BMTAxOTRlNzktY2EzZi00MjRhLWJjNGQtODQ1NDU3YjAwYTZlXkEyXkFqcGdeQXVyMDMxMjQwMw@@._V1_.jpg
55,nm0268125,Geraldine_Farrar,1.jpg,https://images-na.ssl-images-amazon.com/images/M/MV5BMTc1NDE3NTc2N15BMl5BanBnXkFtZTgwNTc4MjA4MTE@._V1_.jpg
56,nm0269771,Louise_Fazenda,1.jpg,https://images-na.ssl-images-amazon.com/images/M/MV5BOGY2MjNjOTItYzU4MC00YjUwLThhMWYtMWFkYWU5NDRlM2VmXkEyXkFqcGdeQXVyMTcyODY2NDQ@._V1_.jpg
57,nm0279038,Margarita_Fischer,1.jpg,https://images-na.ssl-images-amazon.com/images/M/MV5BMzA1NzI1Y2MtYmM4Mi00ODJhLWIwMjQtNWQ2YTY1NjI2NzdmXkEyXkFqcGdeQXVyMDUyOTUyNQ@@._V1_.jpg
58,nm0281808,Victor_Fleming,1.jpg,https://images-na.ssl-images-amazon.com/images/M/MV5BNjdkNDE3OTgtYWZkMS00NTRjLWFlYzctZDk4ZjUyZDkyZGU1XkEyXkFqcGdeQXVyMjE5MzM3MjA@._V1_SY1000_CR0
59,nm0285643,Francis_Ford,1.jpg,https://images-na.ssl-images-amazon.com/images/M/MV5BZGE4ZWFhMjMtOGViNS00NmM0LTk3ZjMtOTAxZjg5YTEzYjlkXkEyXkFqcGdeQXVyMDMxMjQwMw@@._V1_SY1000_CR0
60,nm0292433,William_Frawley,1.jpg,https://images-na.ssl-images-amazon.com/images/M/MV5BMTUwMDY0MDE5NV5BMl5BanBnXkFtZTgwNDU0MjU2MjE@._V1_.jpg
61,nm0292810,Pauline_Frederick,1.jpg,https://images-na.ssl-images-amazon.com/images/M/MV5BYmQ4YjhkZGUtOWM3Zi00YjQ2LWI1ZWEtNjIzMWFmOTJjZjdiXkEyXkFqcGdeQXVyMDUyOTUyNQ@@._V1_.jpg
62,nm0316993,Helen_Gibson,1.jpg,https://images-na.ssl-images-amazon.com/images/M/MV5BMGVmNjMyOGEtMzU1NS00NWEwLWIxZDEtNTU2OGQwMjllMmE5XkEyXkFqcGdeQXVyMDMxMjQwMw@@._V1_.jpg
63,nm0316995,Hoot_Gibson,1.jpg,https://images-na.ssl-images-amazon.com/images/M/MV5BZDk4NjI3ZjgtNDg4OC00ZjM3LTljMjYtY2FkNDg2OTE4YThiL2ltYWdlL2ltYWdlXkEyXkFqcGdeQXVyMDMxMjQwMw@@._V1_SY1000_CR0
64,nm0321088,Dorothy_Gish,1.jpg,https://images-na.ssl-images-amazon.com/images/M/MV5BYjRlMjllNmEtY2IwZS00ZDBlLWI2NzYtNWQwMDQ0NDczZjE1XkEyXkFqcGdeQXVyMzI5NDcxNzI@._V1_.jpg
65,nm0335788,Charley_Grapewin,1.jpg,https://images-na.ssl-images-amazon.com/images/M/MV5BNjljMTVlZmQtOWI1My00Yjg3LWE3MTYtZDA3ZDg5ODRhMTVlXkEyXkFqcGdeQXVyMzY4MjI1MQ@@._V1_.jpg
66,nm0354878,Creighton_Hale,1.jpg,https://images-na.ssl-images-amazon.com/images/M/MV5BN2NlMDU2N2MtODI2Mi00NGFmLTk2MzUtZDliYmU3MjdmMThmXkEyXkFqcGdeQXVyMDMxMjQwMw@@._V1_.jpg
67,nm0362567,Cedric_Hardwicke,1.jpg,https://images-na.ssl-images-amazon.com/images/M/MV5BMTU5MDkzMTY3Ml5BMl5BanBnXkFtZTgwMzY5NDc2MjE@._V1_.jpg
68,nm0363227,Otis_Harlan,1.jpg,https://images-na.ssl-images-amazon.com/images/M/MV5BZDFmMGMzMjQtNTZkMi00MTFhLWJlMzItNDJmNWRmMTc4NTYwXkEyXkFqcGdeQXVyMDMxMjQwMw@@._V1_SY1000_CR0
69,nm0365121,Mildred_Harris,1.jpg,https://images-na.ssl-images-amazon.com/images/M/MV5BNWRiZjQ2YWEtNTBlMy00NzE0LThkNTEtMjJhYjMwZjQ3MzkzXkEyXkFqcGdeQXVyMDUyOTUyNQ@@._V1_.jpg
70,nm0366008,Robert_Harron,1.jpg,https://images-na.ssl-images-amazon.com/images/M/MV5BOGRkOGI1YmMtYTExOC00MGQyLWI3NjEtOWRiZmFhZTRlMTgzXkEyXkFqcGdeQXVyMDUyOTUyNQ@@._V1_.jpg
71,nm0366586,William_S._Hart,1.jpg,https://images-na.ssl-images-amazon.com/images/M/MV5BYmM5ZTE5ZWMtNjY4Zi00MTZkLTkwNDEtZTc3YTg0ZTAyODNiXkEyXkFqcGdeQXVyMTcyODY2NDQ@._V1_.jpg
72,nm0369058,Raymond_Hatton,1.jpg,https://images-na.ssl-images-amazon.com/images/M/MV5BNmIxOGMxZWUtODIwNS00OWNmLWIzMDMtYjQwMjc3OTc5NzI4XkEyXkFqcGdeQXVyMDMxMjQwMw@@._V1_SY1000_CR0
73,nm0370564,Sessue_Hayakawa,1.jpg,https://images-na.ssl-images-amazon.com/images/M/MV5BMjM0ZDI5NTMtOTU3OC00NTliLTllMjAtNTVhYmI5NGI0MjVhXkEyXkFqcGdeQXVyMDUyOTUyNQ@@._V1_.jpg
74,nm0376396,Dell_Henderson,1.jpg,https://images-na.ssl-images-amazon.com/images/M/MV5BNjdiM2U4ZjUtMWRhYi00ZWI2LTk3ZTQtMjUzNzViZDQ2MjNkXkEyXkFqcGdeQXVyMDUyOTUyNQ@@._V1_.jpg
75,nm0380965,Jean_Hersholt,1.jpg,https://images-na.ssl-images-amazon.com/images/M/MV5BMjA1MDg3ODcwMV5BMl5BanBnXkFtZTgwODg5ODgwMzE@._V1_.jpg
76,nm0382730,Howard_C._Hickman,1.jpg,https://images-na.ssl-images-amazon.com/images/M/MV5BZDM0OWViODctNTk2OC00OTZhLTllZjAtNjcyMjRmMjYwZTkyXkEyXkFqcGdeQXVyMTk2MzI2Ng@@._V1_.jpg
77,nm0382954,Russell_Hicks,1.jpg,https://images-na.ssl-images-amazon.com/images/M/MV5BMmFkNTdiM2UtNzhkOC00YjlhLWExZDctNjg4ZDcyYzlhMzE4XkEyXkFqcGdeQXVyMDI2NDg0NQ@@._V1_SY1000_CR0
78,nm0392442,Jack_Holt,1.jpg,https://images-na.ssl-images-amazon.com/images/M/MV5BNTc0YjZiOGYtNzI0Zi00Njg3LTlhYTUtZjY5YTIzNGIwOTVkXkEyXkFqcGdeQXVyMDMxMjQwMw@@._V1_.jpg
79,nm0398446,Arthur_Hoyt,1.jpg,https://images-na.ssl-images-amazon.com/images/M/MV5BNmMzM2NiNmYtMDRiZC00MmY3LTk0MDQtZTQ2NWZkMzUwNTU0XkEyXkFqcGdeQXVyMjU4NzU2OTA@._V1_SY1000_CR0
80,nm0417837,Emil_Jannings,1.jpg,https://images-na.ssl-images-amazon.com/images/M/MV5BNTA2ZjNmYTgtZTk4OC00ZTgwLWE4MTYtNDdlOGM2MmE3ODM1XkEyXkFqcGdeQXVyMTg2NTc4MzA@._V1_SY1000_CR0
81,nm0421041,Si_Jenks,1.jpg,https://images-na.ssl-images-amazon.com/images/M/MV5BYWJkZmJlMmEtOTE1OS00OGRmLWEwZDMtNjY0YzQ1OTE1YjQ1XkEyXkFqcGdeQXVyMzI5NDcxNzI@._V1_SY1000_CR0
82,nm0427659,Buck_Jones,1.jpg,https://images-na.ssl-images-amazon.com/images/M/MV5BZGEzZmRjMmMtYWZlMC00NTAyLTgwMzctNjY4OWY5YWZkMDhlXkEyXkFqcGdeQXVyMDMxMjQwMw@@._V1_SY1000_CR0
83,nm0431433,Leatrice_Joy,1.jpg,https://images-na.ssl-images-amazon.com/images/M/MV5BMjIxMTI3NzIwOF5BMl5BanBnXkFtZTcwMDg1MzQyNw@@._V1_SY1000_CR0
84,nm0431484,Alice_Joyce,1.jpg,https://images-na.ssl-images-amazon.com/images/M/MV5BNTJhNjcwOWQtMjIyOC00ZTA5LThhMzQtODFiYzQ1OTA3MTkwL2ltYWdlL2ltYWdlXkEyXkFqcGdeQXVyMTk2MzI2Ng@@._V1_.jpg
85,nm0448012,Edgar_Kennedy,1.jpg,https://images-na.ssl-images-amazon.com/images/M/MV5BZDE0ZDdlZjktYjVhYi00Y2I0LTk0YjAtZjExZjgzYjc5MTQ2XkEyXkFqcGdeQXVyMDMxMjQwMw@@._V1_.jpg
86,nm0448987,Doris_Kenyon,1.jpg,https://images-na.ssl-images-amazon.com/images/M/MV5BOTRhYTAyODUtZWYwNy00MDk3LTlmNDQtZGFkMjZhMjkxNDc4XkEyXkFqcGdeQXVyMjUxODE0MDY@._V1_.jpg
87,nm0456804,James_Kirkwood,1.jpg,https://images-na.ssl-images-amazon.com/images/M/MV5BNGYzOTNiM2YtZTIzZS00MDY3LTk3NjMtNDhiNmVhZDUzZTI5XkEyXkFqcGdeQXVyMDMxMjQwMw@@._V1_.jpg
88,nm0464137,Henry_Kolker,1.jpg,https://images-na.ssl-images-amazon.com/images/M/MV5BNmUyM2I3NTAtZmU1MS00ZTY0LTkwNjMtYjc0ZDkzMWQxNTRhXkEyXkFqcGdeQXVyMTcyODY2NDQ@._V1_.jpg
89,nm0466773,Bob_Kortman,1.jpg,https://images-na.ssl-images-amazon.com/images/M/MV5BOWJlN2JlNTQtZmZmYy00OGM3LWI5YWEtNTYxZGJhYTc3YjY5XkEyXkFqcGdeQXVyMDMxMjQwMw@@._V1_.jpg
90,nm0470328,Werner_Krauss,1.jpg,https://images-na.ssl-images-amazon.com/images/M/MV5BZjVhY2RmMjEtMjJjNi00OTIxLTg3MWUtYmY0YmVmYWZmNGIwXkEyXkFqcGdeQXVyMzI5NDcxNzI@._V1_.jpg
91,nm0478359,Florence_La_Badie,1.jpg,https://images-na.ssl-images-amazon.com/images/M/MV5BNTdmYmQyZGUtNmUxNS00OTE4LTk1MDgtYTM2MTU3MDE2YzAzXkEyXkFqcGdeQXVyMDUyOTUyNQ@@._V1_.jpg
92,nm0484439,David_Landau,1.jpg,https://images-na.ssl-images-amazon.com/images/M/MV5BZDdiODZlYTYtMzQ0MS00MzRhLTljNzItYmMyNmYxNGQzNWY2XkEyXkFqcGdeQXVyMDMxMjQwMw@@._V1_.jpg
93,nm0492757,Florence_Lawrence,1.jpg,https://images-na.ssl-images-amazon.com/images/M/MV5BOTVkZTY0ODAtYWNmOS00ZGU0LTk2N2ItYmUzNzRhMmIzZDZmL2ltYWdlL2ltYWdlXkEyXkFqcGdeQXVyMDUyOTUyNQ@@._V1_.jpg
94,nm0502752,Robert_Z._Leonard,1.jpg,https://images-na.ssl-images-amazon.com/images/M/MV5BMjFkMTU1NDUtMDI0Zi00OTExLTljNDctZGI1NWNhMThhNDE5XkEyXkFqcGdeQXVyMTk2MzI2Ng@@._V1_.jpg
95,nm0511104,Elmo_Lincoln,1.jpg,https://images-na.ssl-images-amazon.com/images/M/MV5BMjk3ZjAyYzAtNzk0NS00OTk1LTk0YTUtYmVlN2FlZmY0YmE2XkEyXkFqcGdeQXVyMjUxODE0MDY@._V1_.jpg
96,nm0515979,Frank_Lloyd,1.jpg,https://images-na.ssl-images-amazon.com/images/M/MV5BMDFjMGUxMjEtZDg2Yy00OWFlLTg1NWYtOGU3OWZlMjMyYmVlXkEyXkFqcGdeQXVyMzI5NDcxNzI@._V1_SY1000_CR0
97,nm0516001,Harold_Lloyd,1.jpg,https://images-na.ssl-images-amazon.com/images/M/MV5BM2FlOGQ0ZmMtYTliNC00NjNjLWI0YjEtZjRiMGEzNTJmOTYxXkEyXkFqcGdeQXVyMjUxODE0MDY@._V1_.jpg
98,nm0523932,Ernst_Lubitsch,1.jpg,https://images-na.ssl-images-amazon.com/images/M/MV5BMDI0OGFhN2YtOGQ5ZC00OWE0LWFhMmUtZThmN2Y2ZGJlMGEyXkEyXkFqcGdeQXVyMjUxODE0MDY@._V1_.jpg
99,nm0524306,Wilfred_Lucas,1.jpg,https://images-na.ssl-images-amazon.com/images/M/MV5BZGViYjEyMDktM2U3Yy00YWMzLWJhZjgtZjY2ZmM4NGMzZDZjXkEyXkFqcGdeQXVyMjUxODE0MDY@._V1_.jpg
100,nm0531584,Marc_McDermott,1.jpg,https://images-na.ssl-images-amazon.com/images/M/MV5BMzUyNjI1Y2QtYjNjYi00ODc1LWEyN2UtMjk5N2QwZmQ1ODNlXkEyXkFqcGdeQXVyMDUyOTUyNQ@@._V1_.jpg
101,nm0531759,J._Farrell_MacDonald,1.jpg,https://images-na.ssl-images-amazon.com/images/M/MV5BMDM2ZTZhNzYtNmY2MS00YWNmLTg2YjYtZWJjYjkzZDBlYTQ1XkEyXkFqcGdeQXVyMTcyODY2NDQ@._V1_.jpg
102,nm0550615,Mae_Marsh,1.jpg,https://images-na.ssl-images-amazon.com/images/M/MV5BMTQyMDE5MDkyM15BMl5BanBnXkFtZTYwMTE0MjM2._V1_.jpg
103,nm0551222,Tully_Marshall,1.jpg,https://images-na.ssl-images-amazon.com/images/M/MV5BZWIxMGY4OTctMzU4ZC00ZTVjLWI0MDQtMGNlMWFlZmZmN2QxXkEyXkFqcGdeQXVyMDMxMjQwMw@@._V1_.jpg
104,nm0552758,Mary_Martin,1.jpg,https://images-na.ssl-images-amazon.com/images/M/MV5BZjY0M2I0ZWEtNDM2ZS00ODNmLTg0YjAtY2NlODRmZDc5MjQ4XkEyXkFqcGdeQXVyMjE5MzM3MjA@._V1_SY1000_CR0
105,nm0553184,Vivian_Martin,1.jpg,https://images-na.ssl-images-amazon.com/images/M/MV5BMTFhMjM4NTUtM2Q0NC00MTBlLThmODAtOGI0MTJlN2NlYjBiXkEyXkFqcGdeQXVyMjUxODE0MDY@._V1_.jpg
106,nm0567224,Philo_McCullough,1.jpg,https://images-na.ssl-images-amazon.com/images/M/MV5BMjEyMTk4NzY0OV5BMl5BanBnXkFtZTcwOTg4OTY1NQ@@._V1_.jpg
107,nm0567756,Francis_McDonald,1.jpg,https://images-na.ssl-images-amazon.com/images/M/MV5BMWQ0N2M2NzctMmYyZS00ZjY4LTg4MmQtMGY1NjIzNzEzYzFjXkEyXkFqcGdeQXVyMDMxMjQwMw@@._V1_.jpg
108,nm0571186,Lafe_McKee,1.jpg,https://images-na.ssl-images-amazon.com/images/M/MV5BZjNiYjc1ZDUtZmFlOC00MGM5LTk5MDctNTRjOGQzNjAxNGZiXkEyXkFqcGdeQXVyMDMxMjQwMw@@._V1_.jpg
109,nm0576762,Thomas_Meighan,1.jpg,https://images-na.ssl-images-amazon.com/images/M/MV5BMDZkNzMwZTQtZDhlNy00MDgyLWFhY2ItMzZhZDI5OWI0Y2ExXkEyXkFqcGdeQXVyMjUxODE0MDY@._V1_SY1000_CR0
110,nm0591704,Mary_Miles_Minter,1.jpg,https://images-na.ssl-images-amazon.com/images/M/MV5BMmE5YjQzYTctNGY5Ni00ZDBjLTk2ZWEtODgzM2RlZDM2NDRjXkEyXkFqcGdeQXVyMzk3NTUwOQ@@._V1_SY1000_CR0
111,nm0594291,Tom_Mix,1.jpg,https://images-na.ssl-images-amazon.com/images/M/MV5BNzA0YWEwNjYtZmI3Yi00NzljLTllNzctZDQ5YjRlN2M3YmIyXkEyXkFqcGdeQXVyMDMxMjQwMw@@._V1_.jpg
112,nm0601698,Owen_Moore,1.jpg,https://images-na.ssl-images-amazon.com/images/M/MV5BNmU5MDU1NmQtNzNkZS00ZjI5LWFiNzUtODZlMjcwMjZiNjE3XkEyXkFqcGdeQXVyMDUyOTUyNQ@@._V1_.jpg
113,nm0602905,Lee_Moran,1.jpg,https://images-na.ssl-images-amazon.com/images/M/MV5BM2Q4ODZkNjUtOWVjYS00MzU4LWIzMDMtZTIxZjhlNjlkMzE5L2ltYWdlXkEyXkFqcGdeQXVyMDUyOTUyNQ@@._V1_.jpg
114,nm0602959,Polly_Moran,1.jpg,https://images-na.ssl-images-amazon.com/images/M/MV5BM2E1NzFlMmItNmY5Yy00YzJhLTllYTctODQ0NDA0MjYwY2FiXkEyXkFqcGdeQXVyMDMxMjQwMw@@._V1_.jpg
115,nm0603875,Antonio_Moreno,1.jpg,https://images-na.ssl-images-amazon.com/images/M/MV5BNjM1ZmM5ZWItNzM3Ny00OWNiLWJhMzAtMGU2MWQwNTgwOGYzXkEyXkFqcGdeQXVyMjUxODE0MDY@._V1_.jpg
116,nm0632160,Anna_Q._Nilsson,1.jpg,https://images-na.ssl-images-amazon.com/images/M/MV5BYzcyNmMwYTQtMGZkYy00ZTVlLTgyZGYtODlkMTJjNjliYzAyXkEyXkFqcGdeQXVyMjUxODE0MDY@._V1_SX1035_CR0
117,nm0635667,Mabel_Normand,1.jpg,https://images-na.ssl-images-amazon.com/images/M/MV5BYzNkNGQ4M2YtOTQ0MC00ZDFlLTg0NGItZDk1OGE4Y2QyNDhlL2ltYWdlL2ltYWdlXkEyXkFqcGdeQXVyMTE2NzA0Ng@@._V1_.jpg
118,nm0651627,Bud_Osborne,1.jpg,https://images-na.ssl-images-amazon.com/images/M/MV5BNTE1MWM1MmMtZWEyZi00ODUzLTg4YWQtYzdhODFiNjdjNmM2XkEyXkFqcGdeQXVyMDMxMjQwMw@@._V1_.jpg
119,nm0657874,Eugene_Pallette,1.jpg,https://images-na.ssl-images-amazon.com/images/M/MV5BMWExYjFmNzMtN2NiYi00NjlmLTg0ODAtODUyOWZjYWJmOWI3XkEyXkFqcGdeQXVyMjUxODE0MDY@._V1_.jpg
120,nm0659947,Paul_Panzer,1.jpg,https://images-na.ssl-images-amazon.com/images/M/MV5BYmJiOGUwOTgtZDhmYy00NmE0LWE1MzYtZGQyYzZmODhiMTIzL2ltYWdlL2ltYWdlXkEyXkFqcGdeQXVyMDMxMjQwMw@@._V1_.jpg
121,nm0663860,Louella_Parsons,1.jpg,https://images-na.ssl-images-amazon.com/images/M/MV5BMTQ0NzQwODc2NV5BMl5BanBnXkFtZTYwMjcxNzI2._V1_.jpg
122,nm0680368,Dorothy_Phillips,1.jpg,https://images-na.ssl-images-amazon.com/images/M/MV5BM2I0ODdkY2YtYjMyYy00NTRjLTljZTMtNzkzNzJiMzRkYmMzXkEyXkFqcGdeQXVyMDUyOTUyNQ@@._V1_.jpg
123,nm0681927,Jack_Pickford,1.jpg,https://images-na.ssl-images-amazon.com/images/M/MV5BMTUxMzQxNjUxOF5BMl5BanBnXkFtZTcwNTc0MDAyMw@@._V1_.jpg
124,nm0681933,Mary_Pickford,1.jpg,https://images-na.ssl-images-amazon.com/images/M/MV5BMTgzNDMxNjA2OV5BMl5BanBnXkFtZTYwNDMzNjM5._V1_.jpg
125,nm0694631,Tom_Powers,1.jpg,https://images-na.ssl-images-amazon.com/images/M/MV5BMjA3NTYyMDc1M15BMl5BanBnXkFtZTYwMTQ5MjM2._V1_.jpg
126,nm0701012,Edna_Purviance,1.jpg,https://images-na.ssl-images-amazon.com/images/M/MV5BZDY4NWZiM2YtZmM2Mi00OGUyLWI5NGYtODlmYWM4M2RmYWU3XkEyXkFqcGdeQXVyMTk2MzI2Ng@@._V1_.jpg
127,nm0706926,Raimu,1.jpg,https://images-na.ssl-images-amazon.com/images/M/MV5BMjI2NDgxMzc0Nl5BMl5BanBnXkFtZTgwNDA0ODEwMzE@._V1_.jpg
128,nm0717468,Wallace_Reid,1.jpg,https://images-na.ssl-images-amazon.com/images/M/MV5BMzU3YzQxYTAtOTM5YS00NDY1LTk0YTEtYTAyYzQxNzgwMTMxXkEyXkFqcGdeQXVyMjUxODE0MDY@._V1_.jpg
129,nm0728230,Elisabeth_Risdon,1.jpg,https://images-na.ssl-images-amazon.com/images/M/MV5BYWJjNTlmNDctNTgzMi00MmU0LTkzMTktYzNhNDkxMmFjZTE0XkEyXkFqcGdeQXVyNTk5NzQ5Ng@@._V1_.jpg
130,nm0784407,Mack_Sennett,1.jpg,https://images-na.ssl-images-amazon.com/images/M/MV5BOThkNWIwN2QtNTE4Ny00M2UzLWE1NWItNDk0MmYyYzE4NGQ5L2ltYWdlXkEyXkFqcGdeQXVyMDUyOTUyNQ@@._V1_.jpg
131,nm0792514,Lowell_Sherman,1.jpg,https://images-na.ssl-images-amazon.com/images/M/MV5BMDVmNDkwNjktMDA4Ny00N2NhLTlhOTctNjE2OTVhYjBmZjlhXkEyXkFqcGdeQXVyMjUxODE0MDY@._V1_.jpg
132,nm0806565,Phillips_Smalley,1.jpg,https://images-na.ssl-images-amazon.com/images/M/MV5BYmVmYTc1N2EtNmQxNS00ODlhLTkxYjgtNDFkZGM5ZjA4YjE4L2ltYWdlL2ltYWdlXkEyXkFqcGdeQXVyMDUyOTUyNQ@@._V1_.jpg
133,nm0807580,C._Aubrey_Smith,1.jpg,https://images-na.ssl-images-amazon.com/images/M/MV5BOWZmYTA2MWEtODJmMS00YmZmLTk1MTEtZTZmNDI0MjZiNjlmXkEyXkFqcGdeQXVyMDI2NDg0NQ@@._V1_SY1000_CR0
134,nm0820607,Al_St._John,1.jpg,https://images-na.ssl-images-amazon.com/images/M/MV5BYmE1Yzk1NzUtOWM2ZS00ZWU0LTk3N2QtYjA0NmQ3OGIwNDAxL2ltYWdlL2ltYWdlXkEyXkFqcGdeQXVyMDMxMjQwMw@@._V1_SY1000_CR0
135,nm0823633,Charles_Starrett,1.jpg,https://images-na.ssl-images-amazon.com/images/M/MV5BMzg5Mjc1ZjctNTViZC00NTVkLTlkMzAtMDBmYmJkYjdjYjk0XkEyXkFqcGdeQXVyMDMxMjQwMw@@._V1_SY1000_CR0
136,nm0829171,Anita_Stewart,1.jpg,https://images-na.ssl-images-amazon.com/images/M/MV5BMGZiMmJkYzUtZWI1Zi00NDQ1LTg3ZTEtNjA1YmFmY2IxYzAzXkEyXkFqcGdeQXVyMjUxODE0MDY@._V1_.jpg
137,nm0838843,Slim_Summerville,1.jpg,https://images-na.ssl-images-amazon.com/images/M/MV5BNmY3NTVhZjItZGU5MS00ZGFmLTg1ODAtOTNmODQxZjhiNTU4XkEyXkFqcGdeQXVyMDUyOTUyNQ@@._V1_.jpg
138,nm0841797,Gloria_Swanson,1.jpg,https://images-na.ssl-images-amazon.com/images/M/MV5BMTg1MzQ4NTgxOF5BMl5BanBnXkFtZTgwMDMwNTQ2MzE@._V1_.jpg
139,nm0842239,Blanche_Sweet,1.jpg,https://images-na.ssl-images-amazon.com/images/M/MV5BMzE4MjkyMjQwOF5BMl5BanBnXkFtZTgwNDI1OTY3MTE@._V1_.jpg
140,nm0848226,Constance_Talmadge,1.jpg,https://images-na.ssl-images-amazon.com/images/M/MV5BODE3OTM2NTU2Ml5BMl5BanBnXkFtZTgwMjk3NTAwMjE@._V1_SX807_CR0
141,nm0848232,Norma_Talmadge,1.jpg,https://images-na.ssl-images-amazon.com/images/M/MV5BNDNmMDBjMjEtYTJiMC00NDY0LTk4YzktZTU5YjlkNTNhOWNiXkEyXkFqcGdeQXVyMjUxODE0MDY@._V1_.jpg
142,nm0864931,Genevieve_Tobin,1.jpg,https://images-na.ssl-images-amazon.com/images/M/MV5BYWQwMjI0ZjAtYmFhNC00YTY2LWJlYjktOGYyZWJiYTdhMTc3XkEyXkFqcGdeQXVyMTcyODY2NDQ@._V1_.jpg
143,nm0875983,Richard_Tucker,1.jpg,https://images-na.ssl-images-amazon.com/images/M/MV5BNTE5NTg1NzEtZDg1Ny00MWMzLWI2OWQtNzlmMTA0NDU2M2E1XkEyXkFqcGdeQXVyMDMxMjQwMw@@._V1_.jpg
144,nm0878035,Ben_Turpin,1.jpg,https://images-na.ssl-images-amazon.com/images/M/MV5BOGY2MjNjOTItYzU4MC00YjUwLThhMWYtMWFkYWU5NDRlM2VmXkEyXkFqcGdeQXVyMTcyODY2NDQ@._V1_.jpg
145,nm0891238,Robert_Vaughn,1.jpg,https://images-na.ssl-images-amazon.com/images/M/MV5BMjAxNDIzNzI2NV5BMl5BanBnXkFtZTYwNzM0MjQ2._V1_.jpg
146,nm0909825,Raoul_Walsh,1.jpg,https://images-na.ssl-images-amazon.com/images/M/MV5BMTM5NjMyMjI1Ml5BMl5BanBnXkFtZTcwOTQ4NTM2Nw@@._V1_.jpg
147,nm0910400,Henry_B._Walthall,1.jpg,https://images-na.ssl-images-amazon.com/images/M/MV5BNzc1MzA4NzctMjQ0Yi00N2Q5LWI1NWQtNTI5ZmVkNmQ0NjU1XkEyXkFqcGdeQXVyMDUyOTUyNQ@@._V1_.jpg
148,nm0912478,H.B._Warner,1.jpg,https://images-na.ssl-images-amazon.com/images/M/MV5BODgwODcyMmMtZDY0ZS00MzVmLTgyY2ItZTQxNDM3Y2JiNmI2L2ltYWdlXkEyXkFqcGdeQXVyNzA4ODc3ODU@._V1_.jpg
149,nm0914808,Minor_Watson,1.jpg,https://images-na.ssl-images-amazon.com/images/M/MV5BYjVjODFjZWEtZjY3OS00MzhlLTlkZTktZjJiYTExZjUxNmQwXkEyXkFqcGdeQXVyMTQxMjk0Mg@@._V1_.jpg
150,nm0916665,Lois_Weber,1.jpg,https://images-na.ssl-images-amazon.com/images/M/MV5BNTkyZDZkNGEtOWMzOS00NWZjLTkyNzAtZjFiYTJiYmEwMzE5XkEyXkFqcGdeQXVyMDUyOTUyNQ@@._V1_.jpg
151,nm0917467,Paul_Wegener,1.jpg,https://images-na.ssl-images-amazon.com/images/M/MV5BOWUyYWFmMjItMmNlNC00YTY1LTkxNDYtNjkxNjlkMmVhNjlkXkEyXkFqcGdeQXVyNTk5NzQ5Ng@@._V1_.jpg
152,nm0925118,Leo_White,1.jpg,https://images-na.ssl-images-amazon.com/images/M/MV5BZDg3NWZkMWQtMjNjOS00YjUzLTgyYTctNWViNTA4ODI5NGVhXkEyXkFqcGdeQXVyMzI5NDcxNzI@._V1_SY1000_CR0
153,nm0925310,Pearl_White,1.jpg,https://images-na.ssl-images-amazon.com/images/M/MV5BOWRlZjFiOTctNjQ0Yy00ZjE2LWI1N2ItZDcxZjc2YzhjZDhiXkEyXkFqcGdeQXVyMDMxMjQwMw@@._V1_.jpg
154,nm0926599,May_Whitty,1.jpg,https://images-na.ssl-images-amazon.com/images/M/MV5BNGJhMTNkZjEtZTA5Yi00ZjhlLWFmZjAtZjZhZjZmNWJiOTUwXkEyXkFqcGdeQXVyMDMxMjQwMw@@._V1_.jpg
155,nm0928108,Crane_Wilbur,1.jpg,https://images-na.ssl-images-amazon.com/images/M/MV5BYzAyMmY0N2MtZmE3ZC00YjUyLWI5MDYtNmM3MDMxYzBkZjI3XkEyXkFqcGdeQXVyMDUyOTUyNQ@@._V1_.jpg
156,nm0930290,Clara_Williams,1.jpg,https://images-na.ssl-images-amazon.com/images/M/MV5BZWU1ZTYzYmYtYWNhYS00NDgzLWE5NTEtNThjNjg3ZDRkOWE0XkEyXkFqcGdeQXVyMDUyOTUyNQ@@._V1_.jpg
157,nm0949403,Clara_Kimball_Young,1.jpg,https://images-na.ssl-images-amazon.com/images/M/MV5BMDc3MWQ5ZjYtNjgzMC00MmI0LWJmNzAtYmFmNDFhNzU0OGJkXkEyXkFqcGdeQXVyMjUxODE0MDY@._V1_SY1000_CR0
